{"0":{"center":{"x":0.0,"y":170.0,"z":0.0},"halfSize":{"x":1.7999999523162842,"y":1.5,"z":0.4000000059604645},"isActive":true,"isTrigger":false,"layer":8,"layerMask":4294967287},"1":{"center":{"x":0.0,"y":170.0,"z":-100.0},"halfSize":{"x":1.7999999523162842,"y":1.5,"z":0.5},"isActive":true,"isTrigger":true,"layer":8,"layerMask":4294967287},"colliderCount":2}
