{"0":{"center":{"x":0.0,"y":170.0,"z":0.0},"halfSize":{"x":1.899999976158142,"y":1.5,"z":0.699999988079071},"isActive":true,"isTrigger":false,"layer":8,"layerMask":4294967287},"1":{"center":{"x":0.0,"y":170.0,"z":-140.0},"halfSize":{"x":1.899999976158142,"y":1.5,"z":0.699999988079071},"isActive":true,"isTrigger":true,"layer":8,"layerMask":4294967287},"colliderCount":2}
