{"0":{"center":{"x":0.0,"y":105.0,"z":525.0},"halfSize":{"x":0.25,"y":10.0,"z":3.299999952316284},"isActive":true,"isTrigger":false,"layer":8,"layerMask":4294967287},"1":{"center":{"x":0.0,"y":105.0,"z":-525.0},"halfSize":{"x":0.25,"y":10.0,"z":3.299999952316284},"isActive":true,"isTrigger":false,"layer":8,"layerMask":4294967287},"2":{"center":{"x":-325.0,"y":105.0,"z":-840.0},"halfSize":{"x":3.299999952316284,"y":10.0,"z":0.25},"isActive":true,"isTrigger":false,"layer":8,"layerMask":4294967287},"3":{"center":{"x":-325.0,"y":105.0,"z":840.0},"halfSize":{"x":3.299999952316284,"y":10.0,"z":0.25},"isActive":true,"isTrigger":false,"layer":8,"layerMask":4294967287},"colliderCount":4}
