{"nodes":{"node:1":{"location":{"x":-159,"y":-106}},"node:2":{"location":{"x":81,"y":118}}},"selection":null,"view":{"scroll":{"x":-336.74884033203125,"y":-261.588531494140625},"visible_rect":{"max":{"x":369.000946044921875,"y":243.5291748046875},"min":{"x":-269.399078369140625,"y":-209.270828247070312}},"zoom":1.25}}