{"CreatedEnvironmentLayouts":[{"ActorType":"ChestActor","Angle":{"x":0.0,"y":0.0,"z":0.0},"Parent":"","Position":{"x":0.0,"y":0.0,"z":0.0},"Scale":{"x":1.0,"y":1.0,"z":1.0}},{"ActorType":"FenceActor","Angle":{"x":0.0,"y":0.0,"z":0.0},"Parent":"Stage0","Position":{"x":9.188333511352539,"y":0.2884387969970703,"z":50.11439895629883},"Scale":{"x":1.0,"y":1.0,"z":1.0}},{"ActorType":"ChestActor","Angle":{"x":0.0,"y":3.1415927410125732,"z":0.0},"Parent":"Stage0","Position":{"x":6.880349159240723,"y":0.3169865608215332,"z":56.022640228271484},"Scale":{"x":1.0,"y":1.0,"z":1.0}},{"ActorType":"ChestActor","Angle":{"x":0.0,"y":3.1415927410125732,"z":0.0},"Parent":"Stage1","Position":{"x":109.17723846435547,"y":5.347255706787109,"z":43.60150146484375},"Scale":{"x":1.0,"y":1.0,"z":1.0}}]}
