{"Wall0":{"0":{"x":0.8851937651634216,"y":0.0,"z":41.0084228515625},"1":{"x":4.37684965133667,"y":0.0,"z":41.78914260864258},"10":{"x":32.17240524291992,"y":0.0,"z":18.09491729736328},"11":{"x":36.34923553466797,"y":0.0,"z":16.07620620727539},"12":{"x":40.710182189941406,"y":0.0,"z":13.647278785705566},"13":{"x":44.3906135559082,"y":0.0,"z":13.644563674926758},"14":{"x":48.86867904663086,"y":0.0,"z":12.526871681213379},"15":{"x":53.23351287841797,"y":0.0,"z":12.437400817871094},"16":{"x":57.513427734375,"y":0.0,"z":11.834634780883789},"17":{"x":64.73152160644531,"y":0.0,"z":11.811511993408203},"18":{"x":70.65335083007813,"y":0.0,"z":13.280858993530273},"19":{"x":77.59117126464844,"y":0.0,"z":13.43793773651123},"2":{"x":8.681028366088867,"y":0.0,"z":42.701534271240234},"20":{"x":83.80812072753906,"y":0.0,"z":12.824535369873047},"21":{"x":88.33870697021484,"y":0.0,"z":10.677896499633789},"3":{"x":13.648280143737793,"y":0.0,"z":42.373043060302734},"4":{"x":16.964797973632813,"y":0.0,"z":40.56629180908203},"5":{"x":19.088594436645508,"y":0.0,"z":36.28193664550781},"6":{"x":20.008136749267578,"y":0.0,"z":31.893444061279297},"7":{"x":21.067201614379883,"y":0.0,"z":25.67490005493164},"8":{"x":24.389434814453125,"y":0.0,"z":20.84343910217285},"9":{"x":27.427165985107422,"y":0.0,"z":19.431747436523438},"height":5.0,"verticesSize":22},"WallsSize":1}
