{"0":{"center":{"x":0.0,"y":85.0,"z":-105.0},"halfSize":{"x":0.15000000596046448,"y":0.5,"z":0.8999999761581421},"isActive":true,"isTrigger":false,"layer":8,"layerMask":4294967287},"colliderCount":1}
