{"0":{"center":{"x":-350.0,"y":50.0,"z":0.0},"halfSize":{"x":3.4000000953674316,"y":1.0,"z":8.399999618530273},"isActive":true,"isTrigger":true,"layer":8,"layerMask":4294967287},"colliderCount":1}
